{"count":1,"gauges":{},"self":16.589216,"total":17.6247872,"children":{"AgentResetIfDone":{"count":35,"self":0.0019995,"total":0.0019995,"children":null},"AgentSendState":{"count":35,"self":0.0099969999999999989,"total":0.015009799999999998,"children":{"CollectObservations":{"count":72,"self":0.0050127999999999995,"total":0.0050127999999999995,"children":null}}},"DecideAction":{"count":35,"self":0.72743079999999993,"total":1.0065674,"children":{"RayPerceptionSensor.Perceive":{"count":72,"self":0.2791366,"total":0.2791366,"children":null}}},"AcademyStep":{"count":35,"self":0,"total":0,"children":null},"AgentAct":{"count":35,"self":0.0069974,"total":0.0069974,"children":null}}}