{"count":1,"gauges":{},"self":156.21045759999998,"total":168.2574645,"children":{"AgentResetIfDone":{"count":8386,"self":0.2999675,"total":0.2999675,"children":null},"AgentSendState":{"count":8386,"self":0.6643234,"total":1.0430278,"children":{"CollectObservations":{"count":16776,"self":0.3787044,"total":0.3787044,"children":null}}},"DecideAction":{"count":8386,"self":7.6538287999999994,"total":9.617588,"children":{"RayPerceptionSensor.Perceive":{"count":16776,"self":1.9637592,"total":1.9637590999999999,"children":null}}},"AcademyStep":{"count":8386,"self":0.091917699999999991,"total":0.091917699999999991,"children":null},"AgentAct":{"count":8386,"self":0.99250699999999992,"total":0.99250699999999992,"children":null}}}